,percentage,n_eval,mean_return
0,0.2,0,1.911586093902588
1,0.2,1,8.473703289031983
2,0.5,0,7.5520984649658205
3,0.5,1,8.588302707672119
