,percentage,n_eval,returns
0,0.0,0,"[-0.10384806990623474, -0.10384806990623474, -0.10384806990623474, -0.10384806990623474, -0.10384806990623474, -0.10384806990623474, -0.10384806990623474, -0.10384806990623474, -0.10384806990623474, -0.10384806990623474]"
1,0.0,1,"[-6.583633899688721, -0.10384806990623474, -0.10384806990623474, -0.10384806990623474, -0.10384806990623474, -0.10384806990623474, -0.10384806990623474, -0.10384806990623474, -0.10384806990623474, -0.10384806990623474]"
